,loss,model_loss,d_loss,val_loss
0,21.41354203224182,21.41354203224182,11.283472547928493,15.545317907320708
1,15.095779538154602,15.095779538154602,9.671358585357666,17.41391628825116
2,14.214312672615051,14.214312672615051,8.588340550661087,19.10379029840498
