,loss,model_loss,d_loss,val_loss
0,25.253528594970703,28.471381664276123,12.38211715221405,13.499785632540274
1,22.74417281150818,25.310935974121094,12.477116891316003,13.68124796711864
2,21.23821258544922,23.41506576538086,12.530801926340375,13.68116403958502
