,loss,model_loss,d_loss,val_loss
0,24.42489457130432,27.40794062614441,12.492710862840925,13.845965589312538
1,21.953550100326538,24.314335584640503,12.510405949183873,13.941991070525884
2,21.656481504440308,23.93354892730713,12.548210620880127,13.996095436626113
