,loss,model_loss,d_loss,val_loss
0,27.010368824005127,27.010368824005127,12.469351496015276,13.475480562823876
1,25.243594884872437,25.243594884872437,12.48998132773808,13.588891426247638
2,23.401883840560913,23.401883840560913,12.381576384816851,13.593391868255416
