,loss,model_loss,d_loss,val_loss
0,23.03231716156006,25.8269464969635,11.853798678943088,14.878275628712668
1,16.62777090072632,17.58147644996643,12.81294778415135,17.84256309553921
2,14.13390338420868,14.078291416168213,14.35635221004486,19.494840322353213
