,loss,model_loss,d_loss,val_loss
0,25.866133451461792,25.866133451461792,11.737450531550815,14.713286480364545
1,17.591256499290466,17.591256499290466,12.705534866877965,17.60617087813647
