,loss,model_loss,d_loss,val_loss
0,14.548564910888672,25.72600269317627,11.754205192838397,14.569086594852717
1,13.6973295211792,17.544403076171875,12.735560757773264,17.501985164104987
