,loss,model_loss,d_loss,val_loss
0,19.672168970108032,27.390637397766113,11.95370047433036,13.376393790425173
1,18.43649911880493,24.924776554107666,11.948221836771284,13.447890418041862
2,17.666297912597656,23.30164933204651,12.030946493148804,13.44545651956685
