,loss,model_loss,d_loss,val_loss
0,25.649010181427002,27.970760822296143,12.492420230593,13.728998124668934
1,22.76728343963623,24.60116219520569,12.375300356319972,13.828515541625393
2,21.896342515945435,23.568700790405273,12.41964362348829,13.859728328965183
