,loss,model_loss,d_loss,val_loss
0,26.652738332748413,26.652738332748413,12.360209584236145,13.678334787447163
1,21.4843111038208,21.4843111038208,12.32483639035906,13.855575979842751
2,20.17648482322693,20.17648482322693,12.370633516992841,13.985724194848483
