,loss,model_loss,d_loss,val_loss
0,14.638060092926025,25.652228593826294,11.884517976215907,14.256042397891026
1,13.787652015686035,17.55187475681305,12.8465963942664,17.17897973200532
2,14.324751377105713,14.032583713531494,14.39779303755079,19.045208879937487
