,loss,model_loss,d_loss,val_loss
0,27.226162433624268,27.226162433624268,12.422684039388383,13.773918617213091
1,24.99315071105957,24.99315071105957,12.424904278346471,13.865596377012622
2,23.111021995544434,23.111021995544434,12.442305615970065,13.888869069327377
