,loss,model_loss,d_loss,val_loss
0,27.47338557243347,27.47338557243347,12.527895825249807,13.803915143245977
1,24.667049169540405,24.667049169540405,12.439950006348745,13.8270419942728
2,23.777408123016357,23.777408123016357,12.546920146260943,13.837735187572846
