,loss,model_loss,d_loss,val_loss
0,14.519862294197083,25.662827730178833,13.281755004610336,14.526861414412881
1,14.682850360870361,17.479482650756836,14.372113738741193,17.469944108318643
