,loss,model_loss,d_loss,val_loss
0,14.452140212059021,25.70277428627014,13.202069963727679,14.11713269871974
1,14.57621443271637,17.574317693710327,14.243092349597386,16.96909210489235
2,15.752820491790771,14.088713526725769,15.937721814428057,18.67004454948415
3,16.75917887687683,12.132970213890076,17.273202112742833,21.27364449747638
4,18.114226579666138,11.196740865707397,18.882837193352838,23.135333303425767
5,18.910966873168945,10.78730845451355,19.813595942088536,24.397080581827744
6,19.690213680267334,10.604945421218872,20.699688809258596,25.606448824082946
7,20.330629348754883,10.53722059726715,21.418786423546926,26.63825392242014
8,20.945692539215088,10.479740023612976,22.108576876776564,27.63993866721583
