,loss,model_loss,d_loss,val_loss
0,19.52892756462097,27.119434356689453,11.938420466014318,13.485935732135129
1,19.000903367996216,25.896398067474365,12.105409128325325,13.586035138382112
2,17.585885763168335,23.030194759368896,12.141576698848178,13.626005282303833
