,loss,model_loss,d_loss,val_loss
0,23.496939420700073,27.423567056655884,7.790428646973202,12.977607298910527
1,21.426111698150635,24.82414221763611,7.833989816052573,13.029851500659028
2,20.396700382232666,23.5439350605011,7.807758578232357,13.053353961795338
