,loss,model_loss,d_loss,val_loss
0,19.537581205368042,21.612714052200317,11.237048695484797,14.987668977412277
1,14.356733679771423,15.566466927528381,9.517799496650696,16.87437506768677
2,13.361707329750061,14.595048546791077,8.428340936700502,18.558272336757806
