,loss,model_loss,d_loss,val_loss
0,20.525429487228394,22.859189748764038,11.190389931201935,15.01458495020291
1,14.69735062122345,15.981543779373169,9.560576925675074,16.52827442936804
2,13.357272744178772,14.583035469055176,8.454220756888391,18.027500855526213
