,loss,model_loss,d_loss,val_loss
0,23.321921586990356,26.075570821762085,12.307322969039282,13.472712330075588
1,19.666975259780884,21.529491901397705,12.21690571308136,13.53411426401723
2,18.874937295913696,20.55348515510559,12.160743951797485,13.574852138492407
