,loss,model_loss,d_loss,val_loss
0,19.6171817779541,21.71137046813965,11.240426023801167,15.749660813769864
1,14.4900141954422,15.723063588142395,9.557817687590918,17.2924332471265
2,13.416595339775085,14.646989941596985,8.495016664266586,18.696084098685983
