,loss,model_loss,d_loss,val_loss
0,18.193789095818243,19.619712105280236,12.490096043936814,8.888974386164811
1,16.041602798655063,17.0632042583031,11.955197227742557,9.861249134560115
2,15.804855576044396,16.864498174643213,11.566284996372824,10.91152991632114
