,loss,model_loss,d_loss,val_loss
0,17.831193972237504,19.33329294904878,11.822797613161171,8.877302500139896
1,16.08196061774145,17.24810952778104,11.417364810876924,9.989783559307872
2,15.594320671467841,16.733134040349647,11.03906695910288,11.285918287198443
