,loss,model_loss,d_loss,val_loss
0,14.392668965496595,15.955120448824726,8.142862674915484,18.154485184386893
1,12.985468079772177,14.408896808382831,7.291752816683702,19.8184009587362
2,12.85981630977196,14.268805431414254,7.223859297790896,20.405674932151655
