,loss,model_loss,d_loss,val_loss
0,14.568018780478948,16.11891287791578,8.364441899723188,18.575259121349994
1,13.149067468281034,14.586336172079738,7.3999924245088025,19.68235285837622
2,13.023797928532467,14.44919265071048,7.322219013052451,20.71285419063375
