,loss,model_loss,d_loss,val_loss
0,18.57019373736804,19.56617316716834,12.926309677967197,8.94236342814345
1,16.868371468556077,17.6537533047833,12.417873293422563,9.917774933711305
2,16.47304592856878,17.261372868018814,12.005858539722448,10.952669253216362
