,loss,model_loss,d_loss,val_loss
0,18.322102015531517,19.668222982672198,12.937617530377024,9.003445539515925
1,16.763370187976694,17.841201166563398,12.452046314488365,9.935609599767213
2,16.159333844728106,17.18120084835004,12.071866327971076,11.018947098057522
