,loss,model_loss,d_loss,val_loss
0,14.474872214884698,16.19166991076892,7.607680961707321,18.267255409685564
1,13.071110483966295,14.673800214936461,6.66035117935879,19.082342142775882
2,12.902727006356928,14.48493018331407,6.5739139906967745,19.584937775109683
