,loss,model_loss,d_loss,val_loss
0,14.792375793939904,16.343555631516853,8.587655735805178,18.842903772900264
1,13.3269245292567,14.773164048979554,7.541965756931692,19.82157847728559
2,13.167501896242552,14.595229004002825,7.456593159923533,20.30192973597068
