,loss,model_loss,d_loss,val_loss
0,18.31061283546158,19.54252932343302,11.329751951204647,8.799277427600195
1,16.221990633614457,17.163215854499914,10.888380249844325,9.690771168161575
2,16.0325482525403,17.000298343127287,10.548629116756661,10.725795575343739
