,loss,model_loss,d_loss,val_loss
0,15.147820762441128,16.304101086870023,8.595564580590489,18.365010455737774
1,13.771200167981885,14.870286446583423,7.543043853709624,19.624119382689393
2,13.473531964458997,14.53539505487756,7.456307188561505,20.151344444074077
