,loss,model_loss,d_loss,val_loss
0,14.080916428867775,16.236724370642552,7.613492802032128,18.368008735003933
1,12.721003351332266,14.73838790458969,6.668849465677546,19.337700441569396
2,12.542758748501162,14.529923668390587,6.581263706770007,20.017430637055256
