,loss,model_loss,d_loss,val_loss
0,18.024124507662616,19.679657948168018,11.40198992893549,8.914420937924433
1,15.956202313869815,17.199060138267807,10.98477079759206,9.820541527769453
2,15.904656398145459,17.223708925367912,10.628445341152947,10.926278321680375
