,loss,model_loss,d_loss,val_loss
0,14.553768423539173,16.540142324906363,8.594646285780447,18.966340384110907
1,13.066867514501643,14.90699378146401,7.54648852510833,20.057216157160767
2,12.899012855336636,14.712298984769024,7.4591549747526456,20.493269087739456
