,loss,model_loss,d_loss,val_loss
0,18.75747734987283,19.789537719533413,12.909133398544475,8.970926557535444
1,16.569389814062962,17.314798403389847,12.345407166058502,9.955019196974375
2,16.05024107196663,16.777393292777145,11.929710687193454,11.191409697298441
