,loss,model_loss,d_loss,val_loss
0,17.711050794094422,19.820797449425807,11.381810817885652,8.958426457883379
1,15.715389493145521,17.30919466139395,10.933974241908592,9.944622926693784
2,15.477794659288623,17.13515762135952,10.505705408135317,11.14233590470001
