,loss,model_loss,d_loss,val_loss
0,14.833861906317216,16.109522988524617,7.605114667069719,18.19809167032632
1,13.383620238002342,14.570208658145953,6.659618164571373,19.13602382230837
2,13.218545829193502,14.391281574587278,6.573042203760192,19.4785129625451
