,loss,model_loss,d_loss,val_loss
0,18.368196354636662,20.191841535930394,12.897260938438258,8.82911440188273
1,16.494314616239524,17.868582785884037,12.371509958265353,9.736077293958612
2,16.198135267330123,17.62959774838218,11.903747726206422,10.794470910119198
