,loss,model_loss,d_loss,val_loss
0,15.086979177933705,16.23554313031933,8.578449224891772,18.379919073172196
1,13.642026840885983,14.718744277954102,7.540626565344492,19.7846027837397
2,13.454769062090524,14.513593504700479,7.454763153859913,20.214542350217762
