,loss,model_loss,d_loss,val_loss
0,22.69457721710205,24.929967403411865,13.753014597025787,8.293810016697758
1,19.39822506904602,20.844882488250732,13.61159207604148,8.42118986136908
2,18.621423959732056,19.885436296463013,13.565373659133911,8.489958981729206
