,loss,model_loss,d_loss,val_loss
0,19.60091245174408,21.480206966400146,12.083734945817428,9.430806854641252
1,14.302547097206116,15.412856698036194,9.86130870472301,11.82103425666955
2,13.229861617088318,14.449285387992859,8.352166002446955,13.815785902005368
