,loss,model_loss,d_loss,val_loss
0,19.58995485305786,21.680281400680542,11.228647967179617,15.249188548036678
1,14.460572957992554,15.659495830535889,9.664881428082785,16.89750879801963
2,13.550291180610657,14.792632818222046,8.580924411614735,18.691631811820447
