,loss,model_loss,d_loss,val_loss
0,19.705206632614136,21.224658489227295,11.094978894506182,9.480155694065944
1,14.397653222084045,15.322741270065308,9.155486277171544,11.78529529871741
2,13.530930042266846,14.54113507270813,7.8064355083874295,13.895649279207353
