,loss,model_loss,d_loss,val_loss
0,22.64183735847473,25.43784236907959,14.253822880131858,8.507452263104152
1,19.53146243095398,21.362643480300903,14.037919104099274,8.566648691531132
2,18.5822856426239,20.08044409751892,14.087810601506915,8.62596234333294
