,loss,model_loss,d_loss,val_loss
0,22.75311827659607,25.287817239761353,12.61432250908443,8.536177764314898
1,19.267491340637207,20.96634268760681,12.472085433346884,8.549332166934912
2,18.640514612197876,20.203237056732178,12.389624169894628,8.619248755541589
