,loss,model_loss,d_loss,val_loss
0,19.285181879997253,21.328023672103882,11.113812616893224,9.455997718999777
1,14.139373302459717,15.386454701423645,9.151048217500959,11.688195285043642
2,13.333148837089539,14.713660597801208,7.811100406306132,13.915698068684259
