,loss,model_loss,d_loss,val_loss
0,20.170212507247925,21.501888751983643,12.624046189444407,9.743573932412922
1,14.868605852127075,15.668023705482483,10.338569734777723,12.054028557699716
2,13.878622889518738,14.776208758354187,8.792301867689405,14.171046246773045
