,loss,model_loss,d_loss,val_loss
0,19.030482411384583,21.689220190048218,11.054270131247385,9.69821799630052
1,13.999016523361206,15.643061876296997,9.066880013261521,12.047317467201484
2,13.066186428070068,14.84585165977478,7.727190234831402,14.083750965386539
