,loss,model_loss,d_loss,val_loss
0,19.722068786621094,21.50751566886902,12.580281402383532,9.720485802238157
1,14.54780125617981,15.63895833492279,10.183172924177986,12.100551712529816
2,13.65428113937378,14.898595213890076,8.677023078714097,14.24194003116101
