,loss,model_loss,d_loss,val_loss
0,23.281667232513428,24.847808361053467,14.406869113445282,8.530379731099146
1,20.14973497390747,21.168309450149536,14.377811576638901,8.635733276123048
2,19.062614917755127,19.925968885421753,14.170278259686064,8.690683246521044
