,loss,model_loss,d_loss,val_loss
0,22.773165941238403,24.855283498764038,14.444694689341954,8.50260805404897
1,20.055680513381958,21.52263116836548,14.187876420361654,8.587005100306875
2,19.26117992401123,20.567691564559937,14.035133915288108,8.626710115774031
