,loss,model_loss,d_loss,val_loss
0,19.229931473731995,21.442532777786255,12.592128413064138,9.589517468012893
1,14.399815320968628,15.79230785369873,10.22233795268195,11.871338839343654
2,13.520446538925171,15.130147099494934,8.691344874245779,14.069437267614834
