,loss,model_loss,d_loss,val_loss
0,20.034467577934265,21.345515251159668,12.605196688856395,9.492040709624717
1,14.894811749458313,15.71029782295227,10.273725169045585,12.131384018324944
2,13.911457538604736,14.826079487800598,8.728598313672203,14.181684684028248
