,loss,model_loss,d_loss,val_loss
0,21.88246178627014,24.978790521621704,12.59347550358091,8.505575369774226
1,19.103991270065308,21.332066774368286,12.419765872614724,8.578376382608115
2,18.240614652633667,20.235677003860474,12.255427156175886,8.638140009817642
