,loss,model_loss,d_loss,val_loss
0,23.205838918685913,25.07730984687805,12.600833058357239,8.444152383540517
1,19.91653347015381,21.223927974700928,12.50796445778438,8.541949698816113
2,18.63774585723877,19.7496657371521,12.33686445440565,8.582421688113053
