,loss,model_loss,d_loss,val_loss
0,23.31612253189087,24.902907609939575,14.324338231767927,8.492840760174218
1,20.351707935333252,21.437438249588013,14.199237108230593,8.548652157273857
2,19.22769331932068,20.150832414627075,13.996570118835995,8.644745193272456
