,loss,model_loss,d_loss,val_loss
0,16.399711627179705,17.24791384231099,11.593231658566864,17.12079882811907
1,15.807722742905092,16.695589488729492,10.776477116687593,19.966228121831477
2,15.778099184450896,16.68596440142073,10.633528602702533,20.975820078569356
