,loss,model_loss,d_loss,val_loss
0,15.941221959145782,17.395193932916197,11.579306100124489,17.31540344275115
1,15.230556486817576,16.727455492824543,10.739859512254226,20.19595750997294
2,15.233343236586627,16.766401604313376,10.63416804158967,21.07129004083274
