,loss,model_loss,d_loss,val_loss
0,12.584825830386423,14.573555882934414,6.6186357050365965,23.681782481221617
1,12.247469867891668,14.192864586325253,6.411285789046214,24.178544049279786
2,12.203759414155769,14.143936925531959,6.383226827868735,25.04635433416309
