,loss,model_loss,d_loss,val_loss
0,16.407392014018104,17.252485725276,11.618526942964943,17.524206832180475
1,15.8742432996745,16.775402141044207,10.767675748332007,20.26380226772166
2,15.60972804364646,16.48899869113932,10.627193528274216,21.10683865812735
