,loss,model_loss,d_loss,val_loss
0,13.279627740230707,14.453258241229046,6.629053557104373,22.745833401907515
1,12.922168464611863,14.06956129610691,6.420274506069283,24.902983173766618
2,12.87499655847964,14.019085742628484,6.391823193160618,24.39570025747314
