,loss,model_loss,d_loss,val_loss
0,15.37599178348356,17.116396686914936,10.154777102294034,17.337032044315002
1,14.859311628219722,16.655336583666788,9.471236668467023,19.557957248283785
2,14.779377501943838,16.59723560401546,9.325803209190738,20.243291326465354
