,loss,model_loss,d_loss,val_loss
0,15.907965862537589,16.910308295198718,10.22802440793689,16.943508420171085
1,15.404413106191493,16.44520045790221,9.50661699930889,19.47131272461955
2,15.34925491303739,16.40533958005783,9.364774254089305,20.37918423543647
