,loss,model_loss,d_loss,val_loss
0,13.033294417973979,14.448616868089838,7.372004038100111,23.210040527065708
1,12.697253755291404,14.077980702490454,7.17434559978714,24.15475333583374
2,12.654245015605332,14.031151049582245,7.146620447983214,24.86633581894835
