,loss,model_loss,d_loss,val_loss
0,15.674437426545126,17.039959609965837,10.212348278150923,16.733124629746648
1,15.142730944601777,16.56092455807854,9.469956083019115,19.280258821049237
2,15.01977245277151,16.43261125325547,9.36841673164323,19.92007748430079
