,loss,model_loss,d_loss,val_loss
0,13.20505754539119,14.627861091243032,7.51384292124014,23.05095644681839
1,12.855734109268774,14.245489920496636,7.296710424926972,24.419752056078934
2,12.807362594263022,14.19247069444193,7.266929647056182,25.280951465449185
