,loss,model_loss,d_loss,val_loss
0,12.932361407658023,14.511515580784634,6.615744103391933,23.769850206621236
1,12.592519880865542,14.138478573021072,6.408684574734524,24.25759933342971
2,12.54567979851647,14.086892236529104,6.380829625187865,25.51096445260088
