,loss,model_loss,d_loss,val_loss
0,12.935765545691371,14.743399779814894,7.51286282976523,23.076929513255187
1,12.574549901820815,14.33472670679507,7.294019481761936,24.64517078858504
2,12.525645828003164,14.27928691385957,7.264722547591165,25.135675077460334
