,loss,model_loss,d_loss,val_loss
0,13.503710410174202,14.55866410360312,7.525638213594808,23.099070072575067
1,13.141149997711182,14.171305464966522,7.3036011888501005,24.743580012531623
2,13.093421660420839,14.120371439267911,7.2740383805099125,25.457328101185894
