,loss,model_loss,d_loss,val_loss
0,16.18243504668136,17.326245462802977,11.607193049356358,17.18431473878963
1,15.463436362078733,16.647347749041778,10.727790498977434,19.846669601347543
2,15.547524072934904,16.770899267757642,10.654022864321654,21.023972435073034
