,loss,model_loss,d_loss,val_loss
0,15.970543423577038,17.172973435248256,11.16082295787676,17.383681540251523
1,15.277769980223283,16.503107390440334,10.37641998770556,19.728977442846002
2,15.241450296338561,16.48397128112481,10.271366113021992,20.71412543662369
